"","ID","chrom","loc.start","loc.end","num.mark","seg.mean","gene"
"782","CPDM_0890X","12",4383459,4409232,6,1.91597973673925,"CCND2"
"969","CPDM_1765X","12",58143168,58145511,6,4.55698725594517,"CDK4"
"761","CPDM_0890X","7",116335903,116436179,21,3.36481052736326,"MET"
"1190","CPDM_1883X","4",55946350,55991522,31,1.13533785653182,"KDR"
"1189","CPDM_1883X","4",55524310,55604790,21,3.83828621952041,"KIT"
"243","CPDM_1717X","4",55125049,55161497,29,3.05654884778028,"PDGFRA"
"765","CPDM_0890X","7",151164346,151216655,9,4.80815848546564,"RHEB"
"7651","CPDM_0890X","7",151164346,151216655,9,4.80815848546564,"XRCC2"
